<?xml version="1.0" encoding="UTF-8"?>
<GenRun Id="impl_1" LaunchPart="xc7a35tcpg236-1" LaunchTime="1758174173">
  <File Type="ROUTE-PWR" Name="multiplicador_booth_power_routed.rpt"/>
  <File Type="PA-TCL" Name="multiplicador_booth.tcl"/>
  <File Type="ROUTE-PWR-SUM" Name="multiplicador_booth_power_summary_routed.pb"/>
  <File Type="REPORTS-TCL" Name="multiplicador_booth_reports.tcl"/>
  <File Type="OPT-RQA-PB" Name="multiplicador_booth_rqa_opted.pb"/>
  <File Type="BITSTR-MMI" Name="multiplicador_booth.mmi"/>
  <File Type="OPT-METHODOLOGY-DRC" Name="multiplicador_booth_methodology_drc_opted.rpt"/>
  <File Type="INIT-TIMING" Name="multiplicador_booth_timing_summary_init.rpt"/>
  <File Type="OPT-TIMING" Name="multiplicador_booth_timing_summary_opted.rpt"/>
  <File Type="OPT-DCP" Name="multiplicador_booth_opt.dcp"/>
  <File Type="OPT-DRC" Name="multiplicador_booth_drc_opted.rpt"/>
  <File Type="OPT-HWDEF" Name="multiplicador_booth.hwdef"/>
  <File Type="PWROPT-DCP" Name="multiplicador_booth_pwropt.dcp"/>
  <File Type="PWROPT-DRC" Name="multiplicador_booth_drc_pwropted.rpt"/>
  <File Type="PWROPT-TIMING" Name="multiplicador_booth_timing_summary_pwropted.rpt"/>
  <File Type="PLACE-DCP" Name="multiplicador_booth_placed.dcp"/>
  <File Type="PLACE-IO" Name="multiplicador_booth_io_placed.rpt"/>
  <File Type="PLACE-CLK" Name="multiplicador_booth_clock_utilization_placed.rpt"/>
  <File Type="PLACE-UTIL" Name="multiplicador_booth_utilization_placed.rpt"/>
  <File Type="PLACE-UTIL-PB" Name="multiplicador_booth_utilization_placed.pb"/>
  <File Type="PLACE-CTRL" Name="multiplicador_booth_control_sets_placed.rpt"/>
  <File Type="PLACE-SIMILARITY" Name="multiplicador_booth_incremental_reuse_placed.rpt"/>
  <File Type="PLACE-PRE-SIMILARITY" Name="multiplicador_booth_incremental_reuse_pre_placed.rpt"/>
  <File Type="BG-BIN" Name="multiplicador_booth.bin"/>
  <File Type="PLACE-TIMING" Name="multiplicador_booth_timing_summary_placed.rpt"/>
  <File Type="ROUTE-PWR-RPX" Name="multiplicador_booth_power_routed.rpx"/>
  <File Type="PLACE-RQA-PB" Name="multiplicador_booth_rqa_placed.pb"/>
  <File Type="POSTPLACE-PWROPT-DCP" Name="multiplicador_booth_postplace_pwropt.dcp"/>
  <File Type="BITSTR-MSK" Name="multiplicador_booth.msk"/>
  <File Type="POSTPLACE-PWROPT-TIMING" Name="multiplicador_booth_timing_summary_postplace_pwropted.rpt"/>
  <File Type="PHYSOPT-DCP" Name="multiplicador_booth_physopt.dcp"/>
  <File Type="PHYSOPT-DRC" Name="multiplicador_booth_drc_physopted.rpt"/>
  <File Type="BITSTR-RBT" Name="multiplicador_booth.rbt"/>
  <File Type="PHYSOPT-TIMING" Name="multiplicador_booth_timing_summary_physopted.rpt"/>
  <File Type="ROUTE-ERROR-DCP" Name="multiplicador_booth_routed_error.dcp"/>
  <File Type="ROUTE-DCP" Name="multiplicador_booth_routed.dcp"/>
  <File Type="ROUTE-BLACKBOX-DCP" Name="multiplicador_booth_routed_bb.dcp"/>
  <File Type="ROUTE-DRC" Name="multiplicador_booth_drc_routed.rpt"/>
  <File Type="ROUTE-DRC-PB" Name="multiplicador_booth_drc_routed.pb"/>
  <File Type="ROUTE-DRC-RPX" Name="multiplicador_booth_drc_routed.rpx"/>
  <File Type="ROUTE-METHODOLOGY-DRC" Name="multiplicador_booth_methodology_drc_routed.rpt"/>
  <File Type="ROUTE-METHODOLOGY-DRC-RPX" Name="multiplicador_booth_methodology_drc_routed.rpx"/>
  <File Type="ROUTE-METHODOLOGY-DRC-PB" Name="multiplicador_booth_methodology_drc_routed.pb"/>
  <File Type="ROUTE-RQS-PB" Name="multiplicador_booth_rqs_routed.pb"/>
  <File Type="ROUTE-STATUS" Name="multiplicador_booth_route_status.rpt"/>
  <File Type="ROUTE-STATUS-PB" Name="multiplicador_booth_route_status.pb"/>
  <File Type="ROUTE-TIMINGSUMMARY" Name="multiplicador_booth_timing_summary_routed.rpt"/>
  <File Type="ROUTE-TIMING-PB" Name="multiplicador_booth_timing_summary_routed.pb"/>
  <File Type="ROUTE-TIMING-RPX" Name="multiplicador_booth_timing_summary_routed.rpx"/>
  <File Type="ROUTE-SIMILARITY" Name="multiplicador_booth_incremental_reuse_routed.rpt"/>
  <File Type="ROUTE-CLK" Name="multiplicador_booth_clock_utilization_routed.rpt"/>
  <File Type="ROUTE-BUS-SKEW" Name="multiplicador_booth_bus_skew_routed.rpt"/>
  <File Type="ROUTE-BUS-SKEW-PB" Name="multiplicador_booth_bus_skew_routed.pb"/>
  <File Type="ROUTE-BUS-SKEW-RPX" Name="multiplicador_booth_bus_skew_routed.rpx"/>
  <File Type="POSTROUTE-PHYSOPT-DCP" Name="multiplicador_booth_postroute_physopt.dcp"/>
  <File Type="POSTROUTE-PHYSOPT-BLACKBOX-DCP" Name="multiplicador_booth_postroute_physopt_bb.dcp"/>
  <File Type="POSTROUTE-PHYSOPT-TIMING" Name="multiplicador_booth_timing_summary_postroute_physopted.rpt"/>
  <File Type="POSTROUTE-PHYSOPT-TIMING-PB" Name="multiplicador_booth_timing_summary_postroute_physopted.pb"/>
  <File Type="POSTROUTE-PHYSOPT-TIMING-RPX" Name="multiplicador_booth_timing_summary_postroute_physopted.rpx"/>
  <File Type="POSTROUTE-PHYSOPT-BUS-SKEW" Name="multiplicador_booth_bus_skew_postroute_physopted.rpt"/>
  <File Type="BG-BIT" Name="multiplicador_booth.bit"/>
  <File Type="POSTROUTE-PHYSOPT-BUS-SKEW-PB" Name="multiplicador_booth_bus_skew_postroute_physopted.pb"/>
  <File Type="POSTROUTE-PHYSOPT-BUS-SKEW-RPX" Name="multiplicador_booth_bus_skew_postroute_physopted.rpx"/>
  <File Type="BITSTR-NKY" Name="multiplicador_booth.nky"/>
  <File Type="BITSTR-BMM" Name="multiplicador_booth_bd.bmm"/>
  <File Type="PDI-FILE" Name="multiplicador_booth.pdi"/>
  <File Type="BOOT-PDI-FILE" Name="multiplicador_booth_boot.pdi"/>
  <File Type="PL-PDI-FILE" Name="multiplicador_booth_pld.pdi"/>
  <File Type="RCFI_FILE" Name="multiplicador_booth.rcfi"/>
  <File Type="CFI_FILE" Name="multiplicador_booth.cfi"/>
  <File Type="RNPI_FILE" Name="multiplicador_booth.rnpi"/>
  <File Type="NPI_FILE" Name="multiplicador_booth.npi"/>
  <File Type="RBD_FILE" Name="multiplicador_booth.rbd"/>
  <File Type="BITSTR-LTX" Name="debug_nets.ltx"/>
  <File Type="BITSTR-LTX" Name="multiplicador_booth.ltx"/>
  <File Type="BITSTR-SYSDEF" Name="multiplicador_booth.sysdef"/>
  <File Type="BG-BGN" Name="multiplicador_booth.bgn"/>
  <File Type="BG-DRC" Name="multiplicador_booth.drc"/>
  <File Type="RDI-RDI" Name="multiplicador_booth.vdi"/>
  <File Type="WBT-USG" Name="usage_statistics_webtalk.html"/>
  <File Type="ROUTE-RQS" Name="multiplicador_booth_routed.rqs"/>
  <File Type="POSTROUTE-PHYSOPT-RQS" Name="multiplicador_booth_postroute_physopted.rqs"/>
  <File Type="ROUTE-RQS-RPT" Name="route_report_qor_suggestions_0.rpt"/>
  <File Type="POSTROUTE-PHYSOPT-RQS-RPT" Name="postroute_physopt_report_qor_suggestions_0.rpt"/>
  <FileSet Name="sources" Type="DesignSrcs" RelSrcDir="$PSRCDIR/sources_1" RelGenDir="$PGENDIR/sources_1">
    <Filter Type="Srcs"/>
    <File Path="$PSRCDIR/sources_1/new/multiplicador_booth.vhd">
      <FileInfo>
        <Attr Name="UsedIn" Val="synthesis"/>
        <Attr Name="UsedIn" Val="simulation"/>
      </FileInfo>
    </File>
    <Config>
      <Option Name="DesignMode" Val="RTL"/>
      <Option Name="TopModule" Val="multiplicador_booth"/>
      <Option Name="TopAutoSet" Val="TRUE"/>
    </Config>
  </FileSet>
  <FileSet Name="constrs_in" Type="Constrs" RelSrcDir="$PSRCDIR/constrs_1" RelGenDir="$PGENDIR/constrs_1">
    <Filter Type="Constrs"/>
    <File Path="$PSRCDIR/constrs_1/new/restricciones.xdc">
      <FileInfo>
        <Attr Name="UsedIn" Val="synthesis"/>
        <Attr Name="UsedIn" Val="implementation"/>
      </FileInfo>
    </File>
    <Config>
      <Option Name="ConstrsType" Val="XDC"/>
    </Config>
  </FileSet>
  <FileSet Name="utils" Type="Utils" RelSrcDir="$PSRCDIR/utils_1" RelGenDir="$PGENDIR/utils_1">
    <Filter Type="Utils"/>
    <File Path="$PSRCDIR/utils_1/imports/synth_1/multiplicador_booth.dcp">
      <FileInfo>
        <Attr Name="UsedIn" Val="synthesis"/>
        <Attr Name="UsedIn" Val="implementation"/>
        <Attr Name="UsedInSteps" Val="synth_1"/>
        <Attr Name="AutoDcp" Val="1"/>
      </FileInfo>
    </File>
    <Config>
      <Option Name="TopAutoSet" Val="TRUE"/>
    </Config>
  </FileSet>
  <Strategy Version="1" Minor="2">
    <StratHandle Name="Vivado Implementation Defaults" Flow="Vivado Implementation 2024"/>
    <Step Id="init_design"/>
    <Step Id="opt_design"/>
    <Step Id="power_opt_design"/>
    <Step Id="place_design"/>
    <Step Id="post_place_power_opt_design"/>
    <Step Id="phys_opt_design"/>
    <Step Id="route_design"/>
    <Step Id="post_route_phys_opt_design"/>
    <Step Id="write_bitstream"/>
  </Strategy>
</GenRun>
