<?xml version="1.0" encoding="UTF-8"?>
<GenRun Id="impl_1" LaunchPart="xc7a35tcpg236-1" LaunchTime="1763872816">
  <File Type="ROUTE-PWR" Name="NP_4_power_routed.rpt"/>
  <File Type="PA-TCL" Name="NP_4.tcl"/>
  <File Type="ROUTE-PWR-SUM" Name="NP_4_power_summary_routed.pb"/>
  <File Type="REPORTS-TCL" Name="NP_4_reports.tcl"/>
  <File Type="OPT-RQA-PB" Name="NP_4_rqa_opted.pb"/>
  <File Type="BITSTR-MMI" Name="NP_4.mmi"/>
  <File Type="OPT-METHODOLOGY-DRC" Name="NP_4_methodology_drc_opted.rpt"/>
  <File Type="INIT-TIMING" Name="NP_4_timing_summary_init.rpt"/>
  <File Type="OPT-TIMING" Name="NP_4_timing_summary_opted.rpt"/>
  <File Type="OPT-DCP" Name="NP_4_opt.dcp"/>
  <File Type="OPT-DRC" Name="NP_4_drc_opted.rpt"/>
  <File Type="OPT-HWDEF" Name="NP_4.hwdef"/>
  <File Type="PWROPT-DCP" Name="NP_4_pwropt.dcp"/>
  <File Type="PWROPT-DRC" Name="NP_4_drc_pwropted.rpt"/>
  <File Type="PWROPT-TIMING" Name="NP_4_timing_summary_pwropted.rpt"/>
  <File Type="PLACE-DCP" Name="NP_4_placed.dcp"/>
  <File Type="PLACE-IO" Name="NP_4_io_placed.rpt"/>
  <File Type="PLACE-CLK" Name="NP_4_clock_utilization_placed.rpt"/>
  <File Type="PLACE-UTIL" Name="NP_4_utilization_placed.rpt"/>
  <File Type="PLACE-UTIL-PB" Name="NP_4_utilization_placed.pb"/>
  <File Type="PLACE-CTRL" Name="NP_4_control_sets_placed.rpt"/>
  <File Type="PLACE-SIMILARITY" Name="NP_4_incremental_reuse_placed.rpt"/>
  <File Type="PLACE-PRE-SIMILARITY" Name="NP_4_incremental_reuse_pre_placed.rpt"/>
  <File Type="BG-BIN" Name="NP_4.bin"/>
  <File Type="PLACE-TIMING" Name="NP_4_timing_summary_placed.rpt"/>
  <File Type="ROUTE-PWR-RPX" Name="NP_4_power_routed.rpx"/>
  <File Type="PLACE-RQA-PB" Name="NP_4_rqa_placed.pb"/>
  <File Type="POSTPLACE-PWROPT-DCP" Name="NP_4_postplace_pwropt.dcp"/>
  <File Type="BITSTR-MSK" Name="NP_4.msk"/>
  <File Type="POSTPLACE-PWROPT-TIMING" Name="NP_4_timing_summary_postplace_pwropted.rpt"/>
  <File Type="PHYSOPT-DCP" Name="NP_4_physopt.dcp"/>
  <File Type="PHYSOPT-DRC" Name="NP_4_drc_physopted.rpt"/>
  <File Type="BITSTR-RBT" Name="NP_4.rbt"/>
  <File Type="PHYSOPT-TIMING" Name="NP_4_timing_summary_physopted.rpt"/>
  <File Type="ROUTE-ERROR-DCP" Name="NP_4_routed_error.dcp"/>
  <File Type="ROUTE-DCP" Name="NP_4_routed.dcp"/>
  <File Type="ROUTE-BLACKBOX-DCP" Name="NP_4_routed_bb.dcp"/>
  <File Type="ROUTE-DRC" Name="NP_4_drc_routed.rpt"/>
  <File Type="ROUTE-DRC-PB" Name="NP_4_drc_routed.pb"/>
  <File Type="ROUTE-DRC-RPX" Name="NP_4_drc_routed.rpx"/>
  <File Type="ROUTE-METHODOLOGY-DRC" Name="NP_4_methodology_drc_routed.rpt"/>
  <File Type="ROUTE-METHODOLOGY-DRC-RPX" Name="NP_4_methodology_drc_routed.rpx"/>
  <File Type="ROUTE-METHODOLOGY-DRC-PB" Name="NP_4_methodology_drc_routed.pb"/>
  <File Type="ROUTE-RQS-PB" Name="NP_4_rqs_routed.pb"/>
  <File Type="ROUTE-STATUS" Name="NP_4_route_status.rpt"/>
  <File Type="ROUTE-STATUS-PB" Name="NP_4_route_status.pb"/>
  <File Type="ROUTE-TIMINGSUMMARY" Name="NP_4_timing_summary_routed.rpt"/>
  <File Type="ROUTE-TIMING-PB" Name="NP_4_timing_summary_routed.pb"/>
  <File Type="ROUTE-TIMING-RPX" Name="NP_4_timing_summary_routed.rpx"/>
  <File Type="ROUTE-SIMILARITY" Name="NP_4_incremental_reuse_routed.rpt"/>
  <File Type="ROUTE-CLK" Name="NP_4_clock_utilization_routed.rpt"/>
  <File Type="ROUTE-BUS-SKEW" Name="NP_4_bus_skew_routed.rpt"/>
  <File Type="ROUTE-BUS-SKEW-PB" Name="NP_4_bus_skew_routed.pb"/>
  <File Type="ROUTE-BUS-SKEW-RPX" Name="NP_4_bus_skew_routed.rpx"/>
  <File Type="POSTROUTE-PHYSOPT-DCP" Name="NP_4_postroute_physopt.dcp"/>
  <File Type="POSTROUTE-PHYSOPT-BLACKBOX-DCP" Name="NP_4_postroute_physopt_bb.dcp"/>
  <File Type="POSTROUTE-PHYSOPT-TIMING" Name="NP_4_timing_summary_postroute_physopted.rpt"/>
  <File Type="POSTROUTE-PHYSOPT-TIMING-PB" Name="NP_4_timing_summary_postroute_physopted.pb"/>
  <File Type="POSTROUTE-PHYSOPT-TIMING-RPX" Name="NP_4_timing_summary_postroute_physopted.rpx"/>
  <File Type="POSTROUTE-PHYSOPT-BUS-SKEW" Name="NP_4_bus_skew_postroute_physopted.rpt"/>
  <File Type="BG-BIT" Name="NP_4.bit"/>
  <File Type="POSTROUTE-PHYSOPT-BUS-SKEW-PB" Name="NP_4_bus_skew_postroute_physopted.pb"/>
  <File Type="POSTROUTE-PHYSOPT-BUS-SKEW-RPX" Name="NP_4_bus_skew_postroute_physopted.rpx"/>
  <File Type="BITSTR-NKY" Name="NP_4.nky"/>
  <File Type="BITSTR-BMM" Name="NP_4_bd.bmm"/>
  <File Type="PDI-FILE" Name="NP_4.pdi"/>
  <File Type="BOOT-PDI-FILE" Name="NP_4_boot.pdi"/>
  <File Type="PL-PDI-FILE" Name="NP_4_pld.pdi"/>
  <File Type="RCFI_FILE" Name="NP_4.rcfi"/>
  <File Type="CFI_FILE" Name="NP_4.cfi"/>
  <File Type="RNPI_FILE" Name="NP_4.rnpi"/>
  <File Type="NPI_FILE" Name="NP_4.npi"/>
  <File Type="RBD_FILE" Name="NP_4.rbd"/>
  <File Type="BITSTR-LTX" Name="debug_nets.ltx"/>
  <File Type="BITSTR-LTX" Name="NP_4.ltx"/>
  <File Type="BITSTR-SYSDEF" Name="NP_4.sysdef"/>
  <File Type="BG-BGN" Name="NP_4.bgn"/>
  <File Type="BG-DRC" Name="NP_4.drc"/>
  <File Type="RDI-RDI" Name="NP_4.vdi"/>
  <File Type="WBT-USG" Name="usage_statistics_webtalk.html"/>
  <File Type="ROUTE-RQS" Name="NP_4_routed.rqs"/>
  <File Type="POSTROUTE-PHYSOPT-RQS" Name="NP_4_postroute_physopted.rqs"/>
  <File Type="ROUTE-RQS-RPT" Name="route_report_qor_suggestions_0.rpt"/>
  <File Type="POSTROUTE-PHYSOPT-RQS-RPT" Name="postroute_physopt_report_qor_suggestions_0.rpt"/>
  <FileSet Name="sources" Type="DesignSrcs" RelSrcDir="$PSRCDIR/sources_1" RelGenDir="$PGENDIR/sources_1">
    <Filter Type="Srcs"/>
    <File Path="$PSRCDIR/sources_1/new/NP_4.vhd">
      <FileInfo>
        <Attr Name="UsedIn" Val="synthesis"/>
        <Attr Name="UsedIn" Val="simulation"/>
      </FileInfo>
    </File>
    <Config>
      <Option Name="DesignMode" Val="RTL"/>
      <Option Name="TopModule" Val="NP_4"/>
      <Option Name="TopAutoSet" Val="TRUE"/>
    </Config>
  </FileSet>
  <FileSet Name="constrs_in" Type="Constrs" RelSrcDir="$PSRCDIR/constrs_1" RelGenDir="$PGENDIR/constrs_1">
    <Filter Type="Constrs"/>
    <File Path="$PSRCDIR/constrs_1/new/Restricciones.xdc">
      <FileInfo>
        <Attr Name="UsedIn" Val="synthesis"/>
        <Attr Name="UsedIn" Val="implementation"/>
      </FileInfo>
    </File>
    <Config>
      <Option Name="ConstrsType" Val="XDC"/>
    </Config>
  </FileSet>
  <FileSet Name="utils" Type="Utils" RelSrcDir="$PSRCDIR/utils_1" RelGenDir="$PGENDIR/utils_1">
    <Filter Type="Utils"/>
    <Config>
      <Option Name="TopAutoSet" Val="TRUE"/>
    </Config>
  </FileSet>
  <Strategy Version="1" Minor="2">
    <StratHandle Name="Vivado Implementation Defaults" Flow="Vivado Implementation 2024">
      <Desc>Default settings for Implementation.</Desc>
    </StratHandle>
    <Step Id="init_design"/>
    <Step Id="opt_design"/>
    <Step Id="power_opt_design"/>
    <Step Id="place_design"/>
    <Step Id="post_place_power_opt_design"/>
    <Step Id="phys_opt_design"/>
    <Step Id="route_design"/>
    <Step Id="post_route_phys_opt_design"/>
    <Step Id="write_bitstream"/>
  </Strategy>
</GenRun>
